,Outlier,comment_count,down_votes,post_id,reputation,score,up_votes,user_id,view_count,views
13,reputation,4,10078,36239904,14904,2,10334,472495,20,25765
14,reputation,1,10078,33599405,14904,0,10334,472495,13,25765
21,reputation,0,3,37377764,12018,0,3831,1502079,14,1483
22,reputation,0,3,37631286,12018,0,3831,1502079,18,1483
23,reputation,0,39,37396772,6776,0,712,1072846,19,411
28,reputation,0,0,32756746,5686,0,510,233602,10,492
87,reputation,0,30,30904204,11730,0,1017,373962,13,920
92,reputation,0,50,36448739,24856,2,1539,90998,18,3104
171,reputation,0,226,32904234,13447,0,1270,777733,10,795
172,reputation,0,226,36594706,13447,0,1270,777733,19,795
173,reputation,9,226,37746267,13447,0,1270,777733,20,795
188,reputation,0,15,36080273,6638,1,826,636348,17,613
211,reputation,0,10,8236516,10723,0,29,177511,20,746
219,reputation,0,47,31539633,12329,0,333,1081340,18,1286
262,reputation,0,128,37117857,6449,0,4840,232794,19,579
263,reputation,0,128,20968916,6449,1,4840,232794,15,579
266,reputation,0,85,37436099,6437,0,866,1072492,18,824
267,reputation,5,391,31609540,6880,0,1324,64505,18,823
268,reputation,1,391,32248038,6880,1,1324,64505,20,823
269,reputation,0,391,37755781,6880,1,1324,64505,13,823
270,reputation,0,391,35985110,6880,0,1324,64505,16,823
271,reputation,0,391,31791237,6880,0,1324,64505,14,823
272,reputation,1,391,30897947,6880,0,1324,64505,14,823
378,reputation,0,542,33916406,21766,0,1793,138601,10,1593
379,reputation,1,542,31986551,21766,0,1793,138601,6,1593
380,reputation,4,542,11701164,21766,1,1793,138601,14,1593
381,reputation,3,542,33780531,21766,0,1793,138601,16,1593
424,reputation,3,49,37413576,6421,0,485,514438,18,885
425,reputation,0,49,23957655,6421,0,485,514438,17,885
451,reputation,0,2,31569298,5374,0,239,1771017,15,110
455,reputation,6,28,36629639,5549,0,58,1967601,18,120
472,reputation,0,48,32712577,29437,0,671,26414,19,3020
495,reputation,0,117,27007177,41861,0,1090,665261,10,3130
533,reputation,0,11,33697660,17096,0,173,4196,15,732
534,reputation,0,15,36942687,5639,1,876,848330,17,410
572,reputation,1,58,35537187,5902,0,1700,526495,17,504
578,reputation,0,82,35622289,20807,0,4920,1205871,14,2144
591,reputation,0,18,33520448,11770,0,697,920568,20,1657
592,reputation,0,18,31388860,11770,0,697,920568,19,1657
610,reputation,1,208,37441213,13631,-1,802,153865,11,2634
611,reputation,0,208,32077587,13631,0,802,153865,17,2634
612,reputation,0,208,37617764,13631,0,802,153865,10,2634
613,reputation,0,208,32570575,13631,0,802,153865,9,2634
614,reputation,0,208,37252356,13631,1,802,153865,18,2634
659,reputation,2,855,37137191,44166,0,2303,6241235,15,3943
660,reputation,1,855,36896267,44166,0,2303,6241235,17,3943
670,reputation,0,31,37347077,19910,0,234,477415,19,1790
671,reputation,0,31,37300056,19910,0,234,477415,17,1790
790,reputation,4,35,28081841,5606,0,291,409617,20,521
791,reputation,0,35,37631636,5606,0,291,409617,11,521
806,reputation,0,196,37258782,10210,0,139,1573861,17,919
835,reputation,0,399,37031505,5195,0,1560,1636276,13,629
836,reputation,0,399,32392834,5195,1,1560,1636276,17,629
841,reputation,2,31,37749161,17473,1,709,150342,18,922
842,reputation,0,31,36739573,17473,0,709,150342,15,922
871,reputation,0,1,36722974,20711,0,81,200609,17,916
903,reputation,2,1483,24547017,10736,0,2293,1814486,20,2149
921,reputation,0,273,37266602,76835,0,2898,5133585,12,4531
922,reputation,0,273,37114988,76835,0,2898,5133585,16,4531
923,reputation,0,273,37769743,76835,0,2898,5133585,3,4531
924,reputation,0,273,37358523,76835,1,2898,5133585,20,4531
925,reputation,1,273,35827330,76835,1,2898,5133585,16,4531
926,reputation,0,273,36967604,76835,1,2898,5133585,20,4531
927,reputation,0,273,35251997,76835,0,2898,5133585,18,4531
928,reputation,0,273,37083918,76835,1,2898,5133585,13,4531
929,reputation,0,273,33181901,76835,0,2898,5133585,16,4531
999,reputation,1,7,37621872,5196,0,2699,3216297,19,514
1000,reputation,0,7,37279917,5196,0,2699,3216297,12,514
1001,reputation,2,7,34954150,5196,1,2699,3216297,11,514
1002,reputation,4,7,31327429,5196,0,2699,3216297,17,514
1003,reputation,1,7,35211339,5196,0,2699,3216297,19,514
1004,reputation,3,7,25087725,5196,0,2699,3216297,20,514
1013,reputation,0,21,31593206,12643,0,696,180416,19,607
1024,reputation,0,277,37261378,13736,1,1961,3536236,18,2198
1025,reputation,0,277,35875750,13736,0,1961,3536236,17,2198
1026,reputation,5,277,35486603,13736,1,1961,3536236,13,2198
1027,reputation,3,3,37499461,7953,0,214,775359,18,2283
1028,reputation,1,18,34121531,8173,0,59,1320129,18,1296
1029,reputation,0,18,37298722,8173,0,59,1320129,17,1296
1030,reputation,2,18,36668213,8173,0,59,1320129,19,1296
1031,reputation,0,18,34696194,8173,1,59,1320129,17,1296
1032,reputation,4,18,23539106,8173,0,59,1320129,18,1296
1033,reputation,0,18,37316193,8173,0,59,1320129,17,1296
1034,reputation,0,18,33296677,8173,0,59,1320129,19,1296
1035,reputation,2,18,29328060,8173,0,59,1320129,19,1296
1167,reputation,0,8,37678014,24004,0,1470,407757,13,1093
1185,reputation,2,15,31575754,5947,0,1399,314963,20,682
1186,reputation,0,15,31766945,5947,0,1399,314963,20,682
1187,reputation,1,15,35034657,5947,1,1399,314963,20,682
1188,reputation,0,15,37439491,5947,0,1399,314963,18,682
1214,reputation,10,80,33203660,7286,0,306,3042759,14,540
1215,reputation,0,80,32971852,7286,-1,306,3042759,19,540
1247,reputation,3,697,37589992,43870,1,1000,717214,11,3529
1293,reputation,0,6,34606603,5342,0,740,395974,20,858
1295,reputation,1,190,31490566,6007,0,305,1994081,19,736
1332,reputation,2,90,35452455,22374,0,862,138557,13,2327
1333,reputation,0,90,37390009,22374,0,862,138557,17,2327
1334,reputation,3,90,31924965,22374,1,862,138557,18,2327
1368,reputation,0,19,35020807,7901,0,462,427292,19,926
1407,reputation,1,30,32247565,18700,0,3498,774183,18,1414
1408,reputation,1,30,32513370,18700,0,3498,774183,15,1414
1409,reputation,4,30,32968098,18700,0,3498,774183,18,1414
1410,reputation,0,30,37642843,18700,0,3498,774183,19,1414
1439,reputation,2,38,30823549,10273,0,611,997112,18,1477
1440,reputation,0,38,37229320,10273,0,611,997112,14,1477
1441,reputation,1,38,33766510,10273,0,611,997112,18,1477
1442,reputation,0,38,33599188,10273,0,611,997112,16,1477
1443,reputation,6,38,37579834,10273,0,611,997112,15,1477
1444,reputation,0,38,31214704,10273,0,611,997112,16,1477
1445,reputation,0,38,23717224,10273,1,611,997112,18,1477
1447,reputation,0,109,26266164,8055,0,294,1519458,14,564
1448,reputation,0,109,35725923,8055,0,294,1519458,10,564
1449,reputation,3,109,37677823,8055,0,294,1519458,12,564
1450,reputation,0,109,34050513,8055,0,294,1519458,18,564
1451,reputation,5,109,37181994,8055,-2,294,1519458,19,564
1452,reputation,0,109,36649994,8055,0,294,1519458,8,564
1453,reputation,0,109,37674889,8055,0,294,1519458,15,564
13,views,4,10078,36239904,14904,2,10334,472495,20,25765
14,views,1,10078,33599405,14904,0,10334,472495,13,25765
21,views,0,3,37377764,12018,0,3831,1502079,14,1483
22,views,0,3,37631286,12018,0,3831,1502079,18,1483
87,views,0,30,30904204,11730,0,1017,373962,13,920
92,views,0,50,36448739,24856,2,1539,90998,18,3104
94,views,1,20,35337489,1506,0,1121,1255427,17,27995
95,views,2,20,36966678,1506,0,1121,1255427,12,27995
96,views,0,25,36869970,4008,1,1889,1037617,19,1796
97,views,0,25,36911594,4008,0,1889,1037617,16,1796
98,views,2,25,31983790,4008,0,1889,1037617,18,1796
99,views,0,25,31158007,4008,0,1889,1037617,19,1796
100,views,0,25,36772256,4008,0,1889,1037617,16,1796
162,views,0,0,31035252,484,0,436,1941253,8,1080
219,views,0,47,31539633,12329,0,333,1081340,18,1286
280,views,0,0,33292959,1639,0,301,4517234,9,1106
378,views,0,542,33916406,21766,0,1793,138601,10,1593
379,views,1,542,31986551,21766,0,1793,138601,6,1593
380,views,4,542,11701164,21766,1,1793,138601,14,1593
381,views,3,542,33780531,21766,0,1793,138601,16,1593
417,views,1,227,26495733,4997,0,837,1090438,16,873
418,views,0,227,37549037,4997,1,837,1090438,19,873
424,views,3,49,37413576,6421,0,485,514438,18,885
425,views,0,49,23957655,6421,0,485,514438,17,885
472,views,0,48,32712577,29437,0,671,26414,19,3020
495,views,0,117,27007177,41861,0,1090,665261,10,3130
501,views,0,31,28769205,2741,-2,5141,604687,16,1176
507,views,0,543,36342868,4631,0,575,3160466,19,7805
578,views,0,82,35622289,20807,0,4920,1205871,14,2144
591,views,0,18,33520448,11770,0,697,920568,20,1657
592,views,0,18,31388860,11770,0,697,920568,19,1657
610,views,1,208,37441213,13631,-1,802,153865,11,2634
611,views,0,208,32077587,13631,0,802,153865,17,2634
612,views,0,208,37617764,13631,0,802,153865,10,2634
613,views,0,208,32570575,13631,0,802,153865,9,2634
614,views,0,208,37252356,13631,1,802,153865,18,2634
653,views,4,4010,37591016,4642,0,300,3270037,15,1516
654,views,2,4010,37311632,4642,0,300,3270037,19,1516
659,views,2,855,37137191,44166,0,2303,6241235,15,3943
660,views,1,855,36896267,44166,0,2303,6241235,17,3943
670,views,0,31,37347077,19910,0,234,477415,19,1790
671,views,0,31,37300056,19910,0,234,477415,17,1790
806,views,0,196,37258782,10210,0,139,1573861,17,919
839,views,0,18,32349734,2320,0,36,1523914,20,974
841,views,2,31,37749161,17473,1,709,150342,18,922
842,views,0,31,36739573,17473,0,709,150342,15,922
862,views,0,657,33918684,1678,0,432,836018,14,1410
865,views,5,69,37754590,3940,0,1001,913903,14,2455
871,views,0,1,36722974,20711,0,81,200609,17,916
903,views,2,1483,24547017,10736,0,2293,1814486,20,2149
921,views,0,273,37266602,76835,0,2898,5133585,12,4531
922,views,0,273,37114988,76835,0,2898,5133585,16,4531
923,views,0,273,37769743,76835,0,2898,5133585,3,4531
924,views,0,273,37358523,76835,1,2898,5133585,20,4531
925,views,1,273,35827330,76835,1,2898,5133585,16,4531
926,views,0,273,36967604,76835,1,2898,5133585,20,4531
927,views,0,273,35251997,76835,0,2898,5133585,18,4531
928,views,0,273,37083918,76835,1,2898,5133585,13,4531
929,views,0,273,33181901,76835,0,2898,5133585,16,4531
1024,views,0,277,37261378,13736,1,1961,3536236,18,2198
1025,views,0,277,35875750,13736,0,1961,3536236,17,2198
1026,views,5,277,35486603,13736,1,1961,3536236,13,2198
1027,views,3,3,37499461,7953,0,214,775359,18,2283
1028,views,1,18,34121531,8173,0,59,1320129,18,1296
1029,views,0,18,37298722,8173,0,59,1320129,17,1296
1030,views,2,18,36668213,8173,0,59,1320129,19,1296
1031,views,0,18,34696194,8173,1,59,1320129,17,1296
1032,views,4,18,23539106,8173,0,59,1320129,18,1296
1033,views,0,18,37316193,8173,0,59,1320129,17,1296
1034,views,0,18,33296677,8173,0,59,1320129,19,1296
1035,views,2,18,29328060,8173,0,59,1320129,19,1296
1129,views,0,29,37414935,2859,0,498,846281,11,904
1130,views,6,29,37366234,2859,-1,498,846281,13,904
1131,views,0,29,27168606,2859,0,498,846281,20,904
1132,views,0,29,33442506,2859,0,498,846281,20,904
1133,views,4,29,36553552,2859,0,498,846281,17,904
1134,views,2,29,28929913,2859,1,498,846281,19,904
1135,views,6,29,37274543,2859,0,498,846281,18,904
1136,views,4,29,34693282,2859,0,498,846281,20,904
1137,views,0,29,37097752,2859,0,498,846281,17,904
1138,views,0,29,31203994,2859,0,498,846281,11,904
1139,views,0,29,37440459,2859,0,498,846281,5,904
1140,views,0,29,27346912,2859,0,498,846281,15,904
1141,views,0,29,31021463,2859,0,498,846281,20,904
1142,views,0,29,34634871,2859,0,498,846281,10,904
1143,views,0,29,34198834,2859,1,498,846281,19,904
1144,views,0,29,31897833,2859,0,498,846281,19,904
1145,views,3,29,37435019,2859,0,498,846281,20,904
1146,views,6,29,24715013,2859,0,498,846281,19,904
1147,views,0,29,37372145,2859,0,498,846281,15,904
1148,views,4,29,24732401,2859,0,498,846281,17,904
1149,views,0,29,34402710,2859,1,498,846281,18,904
1167,views,0,8,37678014,24004,0,1470,407757,13,1093
1174,views,1,4,36355990,1836,0,247,955237,16,1596
1195,views,0,18,36041124,2647,0,1482,1033684,9,952
1196,views,0,18,36644725,2647,0,1482,1033684,19,952
1197,views,3,18,35964032,2647,0,1482,1033684,13,952
1198,views,0,18,37164742,2647,0,1482,1033684,8,952
1199,views,0,18,32352471,2647,1,1482,1033684,14,952
1200,views,0,18,36621286,2647,0,1482,1033684,11,952
1201,views,2,18,15751131,2647,0,1482,1033684,17,952
1202,views,3,18,37645004,2647,1,1482,1033684,19,952
1247,views,3,697,37589992,43870,1,1000,717214,11,3529
1332,views,2,90,35452455,22374,0,862,138557,13,2327
1333,views,0,90,37390009,22374,0,862,138557,17,2327
1334,views,3,90,31924965,22374,1,862,138557,18,2327
1368,views,0,19,35020807,7901,0,462,427292,19,926
1374,views,3,62,33274895,2216,0,451,1668069,16,1426
1375,views,1,62,34649959,2216,0,451,1668069,15,1426
1376,views,1,62,36544530,2216,0,451,1668069,17,1426
1377,views,3,62,33955274,2216,0,451,1668069,16,1426
1378,views,0,62,37748222,2216,0,451,1668069,11,1426
1379,views,0,62,35310502,2216,0,451,1668069,7,1426
1380,views,0,62,34878976,2216,0,451,1668069,13,1426
1381,views,2,62,21912547,2216,0,451,1668069,18,1426
1382,views,0,62,35911670,2216,0,451,1668069,17,1426
1383,views,1,62,37438348,2216,0,451,1668069,13,1426
1384,views,6,62,24572919,2216,0,451,1668069,16,1426
1385,views,1,62,34292302,2216,0,451,1668069,16,1426
1386,views,1,62,32888629,2216,1,451,1668069,14,1426
1387,views,0,62,37070013,2216,1,451,1668069,20,1426
1388,views,2,62,34061639,2216,1,451,1668069,16,1426
1389,views,0,62,36329740,2216,0,451,1668069,15,1426
1407,views,1,30,32247565,18700,0,3498,774183,18,1414
1408,views,1,30,32513370,18700,0,3498,774183,15,1414
1409,views,4,30,32968098,18700,0,3498,774183,18,1414
1410,views,0,30,37642843,18700,0,3498,774183,19,1414
1430,views,3,136,33303051,3938,0,982,3711219,20,992
1431,views,1,136,34631295,3938,1,982,3711219,18,992
1432,views,0,136,30984506,3938,0,982,3711219,19,992
1433,views,4,136,35386912,3938,0,982,3711219,20,992
1434,views,0,136,32647446,3938,0,982,3711219,17,992
1435,views,0,136,27063715,3938,1,982,3711219,13,992
1436,views,0,136,24315784,3938,0,982,3711219,18,992
1439,views,2,38,30823549,10273,0,611,997112,18,1477
1440,views,0,38,37229320,10273,0,611,997112,14,1477
1441,views,1,38,33766510,10273,0,611,997112,18,1477
1442,views,0,38,33599188,10273,0,611,997112,16,1477
1443,views,6,38,37579834,10273,0,611,997112,15,1477
1444,views,0,38,31214704,10273,0,611,997112,16,1477
1445,views,0,38,23717224,10273,1,611,997112,18,1477
0,up_votes,0,0,34906253,2549,0,752,945029,14,63
13,up_votes,4,10078,36239904,14904,2,10334,472495,20,25765
14,up_votes,1,10078,33599405,14904,0,10334,472495,13,25765
21,up_votes,0,3,37377764,12018,0,3831,1502079,14,1483
22,up_votes,0,3,37631286,12018,0,3831,1502079,18,1483
23,up_votes,0,39,37396772,6776,0,712,1072846,19,411
49,up_votes,1,23,33809337,2424,0,1421,2108812,19,254
83,up_votes,0,9,34387597,3228,0,1895,111804,20,542
87,up_votes,0,30,30904204,11730,0,1017,373962,13,920
92,up_votes,0,50,36448739,24856,2,1539,90998,18,3104
94,up_votes,1,20,35337489,1506,0,1121,1255427,17,27995
95,up_votes,2,20,36966678,1506,0,1121,1255427,12,27995
96,up_votes,0,25,36869970,4008,1,1889,1037617,19,1796
97,up_votes,0,25,36911594,4008,0,1889,1037617,16,1796
98,up_votes,2,25,31983790,4008,0,1889,1037617,18,1796
99,up_votes,0,25,31158007,4008,0,1889,1037617,19,1796
100,up_votes,0,25,36772256,4008,0,1889,1037617,16,1796
101,up_votes,0,13,36548676,784,0,657,3809977,13,203
102,up_votes,0,13,37525558,784,0,657,3809977,13,203
103,up_votes,0,13,34426619,784,0,657,3809977,5,203
106,up_votes,4,27,29479355,3276,-1,1376,4601149,20,686
107,up_votes,0,27,37645825,3276,0,1376,4601149,12,686
163,up_votes,0,366,37369064,2974,0,1273,3763848,14,204
171,up_votes,0,226,32904234,13447,0,1270,777733,10,795
172,up_votes,0,226,36594706,13447,0,1270,777733,19,795
173,up_votes,9,226,37746267,13447,0,1270,777733,20,795
178,up_votes,2,7,27455295,4127,0,1026,61207,18,719
188,up_votes,0,15,36080273,6638,1,826,636348,17,613
201,up_votes,0,4,32144445,802,0,1008,5058116,13,189
207,up_votes,1,28,37076627,1806,-1,1313,936420,20,306
208,up_votes,0,16,37139548,4310,0,691,279204,14,639
262,up_votes,0,128,37117857,6449,0,4840,232794,19,579
263,up_votes,0,128,20968916,6449,1,4840,232794,15,579
266,up_votes,0,85,37436099,6437,0,866,1072492,18,824
267,up_votes,5,391,31609540,6880,0,1324,64505,18,823
268,up_votes,1,391,32248038,6880,1,1324,64505,20,823
269,up_votes,0,391,37755781,6880,1,1324,64505,13,823
270,up_votes,0,391,35985110,6880,0,1324,64505,16,823
271,up_votes,0,391,31791237,6880,0,1324,64505,14,823
272,up_votes,1,391,30897947,6880,0,1324,64505,14,823
275,up_votes,0,379,36172778,2595,0,796,3286569,11,311
289,up_votes,0,6,35319307,2567,0,1179,408159,17,279
364,up_votes,0,40,35638755,2063,0,679,888990,16,681
378,up_votes,0,542,33916406,21766,0,1793,138601,10,1593
379,up_votes,1,542,31986551,21766,0,1793,138601,6,1593
380,up_votes,4,542,11701164,21766,1,1793,138601,14,1593
381,up_votes,3,542,33780531,21766,0,1793,138601,16,1593
417,up_votes,1,227,26495733,4997,0,837,1090438,16,873
418,up_votes,0,227,37549037,4997,1,837,1090438,19,873
423,up_votes,0,19,36530713,1143,0,842,3605712,17,327
472,up_votes,0,48,32712577,29437,0,671,26414,19,3020
495,up_votes,0,117,27007177,41861,0,1090,665261,10,3130
501,up_votes,0,31,28769205,2741,-2,5141,604687,16,1176
520,up_votes,0,50,30806097,2329,0,1642,182551,20,481
534,up_votes,0,15,36942687,5639,1,876,848330,17,410
537,up_votes,0,37,35536180,971,0,1432,824644,17,212
538,up_votes,0,37,36425440,971,0,1432,824644,15,212
539,up_votes,0,37,36646388,971,1,1432,824644,12,212
566,up_votes,3,32,37415089,4653,0,2038,4055042,18,540
572,up_votes,1,58,35537187,5902,0,1700,526495,17,504
574,up_votes,0,3,37758118,1527,0,1357,4245294,18,273
578,up_votes,0,82,35622289,20807,0,4920,1205871,14,2144
591,up_votes,0,18,33520448,11770,0,697,920568,20,1657
592,up_votes,0,18,31388860,11770,0,697,920568,19,1657
610,up_votes,1,208,37441213,13631,-1,802,153865,11,2634
611,up_votes,0,208,32077587,13631,0,802,153865,17,2634
612,up_votes,0,208,37617764,13631,0,802,153865,10,2634
613,up_votes,0,208,32570575,13631,0,802,153865,9,2634
614,up_votes,0,208,37252356,13631,1,802,153865,18,2634
645,up_votes,3,15,37609938,4136,0,1506,415600,18,432
646,up_votes,0,15,37613176,4136,0,1506,415600,11,432
647,up_votes,0,15,36911080,4136,0,1506,415600,19,432
659,up_votes,2,855,37137191,44166,0,2303,6241235,15,3943
660,up_votes,1,855,36896267,44166,0,2303,6241235,17,3943
674,up_votes,0,6,36774792,3336,0,939,786103,20,368
675,up_votes,0,6,35746659,3336,1,939,786103,17,368
743,up_votes,0,0,33887333,1748,0,998,3714181,15,109
744,up_votes,0,0,37156710,1748,0,998,3714181,10,109
747,up_votes,0,13,22556820,715,0,996,2265151,14,441
780,up_votes,0,2,33734524,2503,1,3826,5110870,18,547
781,up_votes,4,2,36456818,2503,0,3826,5110870,18,547
782,up_votes,1,2,33737027,2503,0,3826,5110870,14,547
783,up_votes,1,2,37193340,2503,0,3826,5110870,18,547
784,up_votes,1,2,36330642,2503,0,3826,5110870,20,547
785,up_votes,0,2,33953882,2503,1,3826,5110870,19,547
787,up_votes,0,140,26046366,3327,0,1098,1249829,15,368
788,up_votes,0,140,31380694,3327,1,1098,1249829,16,368
803,up_votes,0,0,37179981,84,0,687,4400677,10,105
807,up_votes,2,25,31124086,2438,0,843,337306,17,610
808,up_votes,0,25,37296222,2438,0,843,337306,17,610
809,up_votes,6,25,36285802,2438,0,843,337306,7,610
810,up_votes,0,25,29546796,2438,-1,843,337306,17,610
811,up_votes,0,25,31923334,2438,1,843,337306,17,610
812,up_votes,0,2,30465865,3511,0,1302,706346,19,507
813,up_votes,0,2,34534405,3511,0,1302,706346,20,507
822,up_votes,0,20,37751009,2960,0,1694,3498910,7,327
823,up_votes,1,20,37596503,2960,0,1694,3498910,15,327
824,up_votes,0,20,37610856,2960,0,1694,3498910,19,327
825,up_votes,3,20,37566792,2960,1,1694,3498910,18,327
835,up_votes,0,399,37031505,5195,0,1560,1636276,13,629
836,up_votes,0,399,32392834,5195,1,1560,1636276,17,629
841,up_votes,2,31,37749161,17473,1,709,150342,18,922
842,up_votes,0,31,36739573,17473,0,709,150342,15,922
865,up_votes,5,69,37754590,3940,0,1001,913903,14,2455
866,up_votes,0,29,36953526,2886,0,1330,608312,9,349
903,up_votes,2,1483,24547017,10736,0,2293,1814486,20,2149
914,up_votes,3,77,36307592,4079,0,2408,792888,14,654
915,up_votes,0,77,29119310,4079,0,2408,792888,18,654
916,up_votes,0,77,37208687,4079,1,2408,792888,19,654
917,up_votes,0,77,27065516,4079,0,2408,792888,18,654
918,up_votes,3,77,24596261,4079,0,2408,792888,20,654
921,up_votes,0,273,37266602,76835,0,2898,5133585,12,4531
922,up_votes,0,273,37114988,76835,0,2898,5133585,16,4531
923,up_votes,0,273,37769743,76835,0,2898,5133585,3,4531
924,up_votes,0,273,37358523,76835,1,2898,5133585,20,4531
925,up_votes,1,273,35827330,76835,1,2898,5133585,16,4531
926,up_votes,0,273,36967604,76835,1,2898,5133585,20,4531
927,up_votes,0,273,35251997,76835,0,2898,5133585,18,4531
928,up_votes,0,273,37083918,76835,1,2898,5133585,13,4531
929,up_votes,0,273,33181901,76835,0,2898,5133585,16,4531
999,up_votes,1,7,37621872,5196,0,2699,3216297,19,514
1000,up_votes,0,7,37279917,5196,0,2699,3216297,12,514
1001,up_votes,2,7,34954150,5196,1,2699,3216297,11,514
1002,up_votes,4,7,31327429,5196,0,2699,3216297,17,514
1003,up_votes,1,7,35211339,5196,0,2699,3216297,19,514
1004,up_votes,3,7,25087725,5196,0,2699,3216297,20,514
1013,up_votes,0,21,31593206,12643,0,696,180416,19,607
1023,up_votes,0,178,35393702,4752,0,1107,1109725,16,495
1024,up_votes,0,277,37261378,13736,1,1961,3536236,18,2198
1025,up_votes,0,277,35875750,13736,0,1961,3536236,17,2198
1026,up_votes,5,277,35486603,13736,1,1961,3536236,13,2198
1036,up_votes,3,7,37053890,1502,0,3518,1636266,18,283
1156,up_votes,0,100,36064272,2961,0,691,889604,4,407
1157,up_votes,0,100,36429216,2961,0,691,889604,15,407
1158,up_votes,0,100,31683048,2961,0,691,889604,12,407
1159,up_votes,4,100,29346297,2961,0,691,889604,17,407
1167,up_votes,0,8,37678014,24004,0,1470,407757,13,1093
1175,up_votes,1,17,36623399,4354,0,1196,1041868,16,513
1176,up_votes,0,17,37443516,4354,0,1196,1041868,19,513
1177,up_votes,0,17,31697481,4354,0,1196,1041868,20,513
1185,up_votes,2,15,31575754,5947,0,1399,314963,20,682
1186,up_votes,0,15,31766945,5947,0,1399,314963,20,682
1187,up_votes,1,15,35034657,5947,1,1399,314963,20,682
1188,up_votes,0,15,37439491,5947,0,1399,314963,18,682
1191,up_votes,0,184,36198921,5008,1,3464,418150,15,427
1193,up_votes,0,0,35494669,887,0,1280,3922262,19,95
1194,up_votes,3,0,34751463,887,0,1280,3922262,14,95
1195,up_votes,0,18,36041124,2647,0,1482,1033684,9,952
1196,up_votes,0,18,36644725,2647,0,1482,1033684,19,952
1197,up_votes,3,18,35964032,2647,0,1482,1033684,13,952
1198,up_votes,0,18,37164742,2647,0,1482,1033684,8,952
1199,up_votes,0,18,32352471,2647,1,1482,1033684,14,952
1200,up_votes,0,18,36621286,2647,0,1482,1033684,11,952
1201,up_votes,2,18,15751131,2647,0,1482,1033684,17,952
1202,up_votes,3,18,37645004,2647,1,1482,1033684,19,952
1247,up_votes,3,697,37589992,43870,1,1000,717214,11,3529
1271,up_votes,0,88,35114886,1891,-1,2066,1979729,17,377
1293,up_votes,0,6,34606603,5342,0,740,395974,20,858
1319,up_votes,0,115,37401664,1830,0,715,1080650,10,519
1332,up_votes,2,90,35452455,22374,0,862,138557,13,2327
1333,up_votes,0,90,37390009,22374,0,862,138557,17,2327
1334,up_votes,3,90,31924965,22374,1,862,138557,18,2327
1339,up_votes,2,33,36769524,863,0,1207,812013,20,473
1351,up_votes,0,0,37028608,3720,0,679,4137061,16,299
1392,up_votes,5,50,33356852,1186,0,710,2768038,20,756
1393,up_votes,3,50,37330387,1186,0,710,2768038,19,756
1394,up_votes,0,50,32024587,1186,0,710,2768038,17,756
1395,up_votes,2,50,29663856,1186,0,710,2768038,17,756
1396,up_votes,1,50,33080120,1186,0,710,2768038,20,756
1397,up_votes,0,50,27039330,1186,1,710,2768038,16,756
1398,up_votes,0,50,29551344,1186,0,710,2768038,19,756
1399,up_votes,1,50,36981290,1186,-1,710,2768038,15,756
1407,up_votes,1,30,32247565,18700,0,3498,774183,18,1414
1408,up_votes,1,30,32513370,18700,0,3498,774183,15,1414
1409,up_votes,4,30,32968098,18700,0,3498,774183,18,1414
1410,up_votes,0,30,37642843,18700,0,3498,774183,19,1414
1430,up_votes,3,136,33303051,3938,0,982,3711219,20,992
1431,up_votes,1,136,34631295,3938,1,982,3711219,18,992
1432,up_votes,0,136,30984506,3938,0,982,3711219,19,992
1433,up_votes,4,136,35386912,3938,0,982,3711219,20,992
1434,up_votes,0,136,32647446,3938,0,982,3711219,17,992
1435,up_votes,0,136,27063715,3938,1,982,3711219,13,992
1436,up_votes,0,136,24315784,3938,0,982,3711219,18,992
1456,up_votes,1,196,36644264,4508,0,1127,2674553,14,379
5,down_votes,1,87,35988296,599,1,511,1044533,17,123
13,down_votes,4,10078,36239904,14904,2,10334,472495,20,25765
14,down_votes,1,10078,33599405,14904,0,10334,472495,13,25765
60,down_votes,1,47,33151882,1271,0,574,1870412,15,587
61,down_votes,0,47,19445706,1271,0,574,1870412,20,587
85,down_votes,0,43,35039792,747,0,171,447522,16,65
86,down_votes,0,43,35873638,747,0,171,447522,9,65
88,down_votes,1,81,37709593,472,0,32,3027461,16,71
92,down_votes,0,50,36448739,24856,2,1539,90998,18,3104
134,down_votes,0,71,32224190,3455,0,273,5011469,19,488
163,down_votes,0,366,37369064,2974,0,1273,3763848,14,204
171,down_votes,0,226,32904234,13447,0,1270,777733,10,795
172,down_votes,0,226,36594706,13447,0,1270,777733,19,795
173,down_votes,9,226,37746267,13447,0,1270,777733,20,795
198,down_votes,2,143,36625648,2079,0,487,5312731,14,210
199,down_votes,0,143,35013294,2079,1,487,5312731,17,210
219,down_votes,0,47,31539633,12329,0,333,1081340,18,1286
250,down_votes,0,101,34392985,892,0,249,5154146,18,347
251,down_votes,0,101,33977336,892,0,249,5154146,18,347
252,down_votes,6,101,36908686,892,0,249,5154146,10,347
253,down_votes,0,101,36302141,892,0,249,5154146,9,347
254,down_votes,0,101,34122628,892,0,249,5154146,15,347
255,down_votes,0,101,37180296,892,1,249,5154146,19,347
262,down_votes,0,128,37117857,6449,0,4840,232794,19,579
263,down_votes,0,128,20968916,6449,1,4840,232794,15,579
266,down_votes,0,85,37436099,6437,0,866,1072492,18,824
267,down_votes,5,391,31609540,6880,0,1324,64505,18,823
268,down_votes,1,391,32248038,6880,1,1324,64505,20,823
269,down_votes,0,391,37755781,6880,1,1324,64505,13,823
270,down_votes,0,391,35985110,6880,0,1324,64505,16,823
271,down_votes,0,391,31791237,6880,0,1324,64505,14,823
272,down_votes,1,391,30897947,6880,0,1324,64505,14,823
275,down_votes,0,379,36172778,2595,0,796,3286569,11,311
294,down_votes,1,602,37461551,1245,1,180,5292801,18,560
378,down_votes,0,542,33916406,21766,0,1793,138601,10,1593
379,down_votes,1,542,31986551,21766,0,1793,138601,6,1593
380,down_votes,4,542,11701164,21766,1,1793,138601,14,1593
381,down_votes,3,542,33780531,21766,0,1793,138601,16,1593
395,down_votes,5,106,35799301,3345,1,154,432844,18,523
404,down_votes,0,91,37721876,3625,0,228,2794702,6,560
405,down_votes,0,91,37698970,3625,0,228,2794702,15,560
406,down_votes,2,91,24998690,3625,0,228,2794702,16,560
417,down_votes,1,227,26495733,4997,0,837,1090438,16,873
418,down_votes,0,227,37549037,4997,1,837,1090438,19,873
424,down_votes,3,49,37413576,6421,0,485,514438,18,885
425,down_votes,0,49,23957655,6421,0,485,514438,17,885
427,down_votes,0,194,37392515,5104,0,613,1429073,15,638
428,down_votes,0,194,34750575,5104,0,613,1429073,20,638
429,down_votes,0,194,36676519,5104,1,613,1429073,17,638
432,down_votes,0,45,26652154,2398,1,333,664672,18,483
435,down_votes,1,290,28070827,3335,1,370,3494639,19,290
466,down_votes,0,79,37656211,3920,1,651,1910735,19,770
472,down_votes,0,48,32712577,29437,0,671,26414,19,3020
474,down_votes,1,77,27760152,2103,0,38,2228310,19,250
485,down_votes,0,65,37189843,810,1,119,3012508,18,126
486,down_votes,0,65,37212141,810,0,119,3012508,16,126
495,down_votes,0,117,27007177,41861,0,1090,665261,10,3130
507,down_votes,0,543,36342868,4631,0,575,3160466,19,7805
508,down_votes,0,48,33084373,1939,0,354,1888402,20,370
520,down_votes,0,50,30806097,2329,0,1642,182551,20,481
526,down_votes,0,61,36838595,547,0,451,1532800,20,331
527,down_votes,0,61,16878061,547,0,451,1532800,18,331
528,down_votes,2,61,36893068,547,0,451,1532800,12,331
572,down_votes,1,58,35537187,5902,0,1700,526495,17,504
577,down_votes,0,55,36088356,4420,0,331,623150,18,698
578,down_votes,0,82,35622289,20807,0,4920,1205871,14,2144
593,down_votes,2,57,36753418,2094,0,265,746674,20,468
594,down_votes,0,57,37293888,2094,0,265,746674,7,468
595,down_votes,0,57,37330149,2094,0,265,746674,20,468
610,down_votes,1,208,37441213,13631,-1,802,153865,11,2634
611,down_votes,0,208,32077587,13631,0,802,153865,17,2634
612,down_votes,0,208,37617764,13631,0,802,153865,10,2634
613,down_votes,0,208,32570575,13631,0,802,153865,9,2634
614,down_votes,0,208,37252356,13631,1,802,153865,18,2634
653,down_votes,4,4010,37591016,4642,0,300,3270037,15,1516
654,down_votes,2,4010,37311632,4642,0,300,3270037,19,1516
659,down_votes,2,855,37137191,44166,0,2303,6241235,15,3943
660,down_votes,1,855,36896267,44166,0,2303,6241235,17,3943
748,down_votes,4,262,33319735,896,0,384,4702471,17,249
749,down_votes,0,262,35151845,896,0,384,4702471,20,249
764,down_votes,0,59,37346732,1183,0,75,3335000,3,259
765,down_votes,0,59,33495657,1183,1,75,3335000,10,259
787,down_votes,0,140,26046366,3327,0,1098,1249829,15,368
788,down_votes,0,140,31380694,3327,1,1098,1249829,16,368
789,down_votes,0,45,30648892,840,0,131,4623533,18,190
806,down_votes,0,196,37258782,10210,0,139,1573861,17,919
835,down_votes,0,399,37031505,5195,0,1560,1636276,13,629
836,down_votes,0,399,32392834,5195,1,1560,1636276,17,629
862,down_votes,0,657,33918684,1678,0,432,836018,14,1410
863,down_votes,0,41,35527134,2181,0,118,1711816,20,116
865,down_votes,5,69,37754590,3940,0,1001,913903,14,2455
872,down_votes,1,203,37546711,2498,-1,341,5669294,13,339
877,down_votes,0,239,37231302,1256,0,160,3248412,20,212
903,down_votes,2,1483,24547017,10736,0,2293,1814486,20,2149
914,down_votes,3,77,36307592,4079,0,2408,792888,14,654
915,down_votes,0,77,29119310,4079,0,2408,792888,18,654
916,down_votes,0,77,37208687,4079,1,2408,792888,19,654
917,down_votes,0,77,27065516,4079,0,2408,792888,18,654
918,down_votes,3,77,24596261,4079,0,2408,792888,20,654
921,down_votes,0,273,37266602,76835,0,2898,5133585,12,4531
922,down_votes,0,273,37114988,76835,0,2898,5133585,16,4531
923,down_votes,0,273,37769743,76835,0,2898,5133585,3,4531
924,down_votes,0,273,37358523,76835,1,2898,5133585,20,4531
925,down_votes,1,273,35827330,76835,1,2898,5133585,16,4531
926,down_votes,0,273,36967604,76835,1,2898,5133585,20,4531
927,down_votes,0,273,35251997,76835,0,2898,5133585,18,4531
928,down_votes,0,273,37083918,76835,1,2898,5133585,13,4531
929,down_votes,0,273,33181901,76835,0,2898,5133585,16,4531
990,down_votes,0,165,30143880,2146,0,642,3293579,17,841
991,down_votes,0,165,31727878,2146,1,642,3293579,18,841
1017,down_votes,0,63,22499108,3691,1,531,2231905,16,526
1023,down_votes,0,178,35393702,4752,0,1107,1109725,16,495
1024,down_votes,0,277,37261378,13736,1,1961,3536236,18,2198
1025,down_votes,0,277,35875750,13736,0,1961,3536236,17,2198
1026,down_votes,5,277,35486603,13736,1,1961,3536236,13,2198
1106,down_votes,0,46,31700832,1072,0,515,2144796,17,283
1107,down_votes,4,46,35703233,1072,0,515,2144796,17,283
1156,down_votes,0,100,36064272,2961,0,691,889604,4,407
1157,down_votes,0,100,36429216,2961,0,691,889604,15,407
1158,down_votes,0,100,31683048,2961,0,691,889604,12,407
1159,down_votes,4,100,29346297,2961,0,691,889604,17,407
1160,down_votes,0,42,33292038,600,0,248,2463166,17,109
1191,down_votes,0,184,36198921,5008,1,3464,418150,15,427
1214,down_votes,10,80,33203660,7286,0,306,3042759,14,540
1215,down_votes,0,80,32971852,7286,-1,306,3042759,19,540
1247,down_votes,3,697,37589992,43870,1,1000,717214,11,3529
1267,down_votes,0,42,36056989,1280,0,168,1236799,7,144
1271,down_votes,0,88,35114886,1891,-1,2066,1979729,17,377
1295,down_votes,1,190,31490566,6007,0,305,1994081,19,736
1313,down_votes,0,80,30335152,4860,1,141,1644422,13,311
1314,down_votes,2,80,33871220,4860,0,141,1644422,13,311
1316,down_votes,0,54,36541229,1030,1,162,766958,11,90
1319,down_votes,0,115,37401664,1830,0,715,1080650,10,519
1329,down_votes,5,52,36064174,578,0,79,5922441,19,75
1330,down_votes,1,52,36932033,578,0,79,5922441,13,75
1332,down_votes,2,90,35452455,22374,0,862,138557,13,2327
1333,down_votes,0,90,37390009,22374,0,862,138557,17,2327
1334,down_votes,3,90,31924965,22374,1,862,138557,18,2327
1374,down_votes,3,62,33274895,2216,0,451,1668069,16,1426
1375,down_votes,1,62,34649959,2216,0,451,1668069,15,1426
1376,down_votes,1,62,36544530,2216,0,451,1668069,17,1426
1377,down_votes,3,62,33955274,2216,0,451,1668069,16,1426
1378,down_votes,0,62,37748222,2216,0,451,1668069,11,1426
1379,down_votes,0,62,35310502,2216,0,451,1668069,7,1426
1380,down_votes,0,62,34878976,2216,0,451,1668069,13,1426
1381,down_votes,2,62,21912547,2216,0,451,1668069,18,1426
1382,down_votes,0,62,35911670,2216,0,451,1668069,17,1426
1383,down_votes,1,62,37438348,2216,0,451,1668069,13,1426
1384,down_votes,6,62,24572919,2216,0,451,1668069,16,1426
1385,down_votes,1,62,34292302,2216,0,451,1668069,16,1426
1386,down_votes,1,62,32888629,2216,1,451,1668069,14,1426
1387,down_votes,0,62,37070013,2216,1,451,1668069,20,1426
1388,down_votes,2,62,34061639,2216,1,451,1668069,16,1426
1389,down_votes,0,62,36329740,2216,0,451,1668069,15,1426
1392,down_votes,5,50,33356852,1186,0,710,2768038,20,756
1393,down_votes,3,50,37330387,1186,0,710,2768038,19,756
1394,down_votes,0,50,32024587,1186,0,710,2768038,17,756
1395,down_votes,2,50,29663856,1186,0,710,2768038,17,756
1396,down_votes,1,50,33080120,1186,0,710,2768038,20,756
1397,down_votes,0,50,27039330,1186,1,710,2768038,16,756
1398,down_votes,0,50,29551344,1186,0,710,2768038,19,756
1399,down_votes,1,50,36981290,1186,-1,710,2768038,15,756
1430,down_votes,3,136,33303051,3938,0,982,3711219,20,992
1431,down_votes,1,136,34631295,3938,1,982,3711219,18,992
1432,down_votes,0,136,30984506,3938,0,982,3711219,19,992
1433,down_votes,4,136,35386912,3938,0,982,3711219,20,992
1434,down_votes,0,136,32647446,3938,0,982,3711219,17,992
1435,down_votes,0,136,27063715,3938,1,982,3711219,13,992
1436,down_votes,0,136,24315784,3938,0,982,3711219,18,992
1447,down_votes,0,109,26266164,8055,0,294,1519458,14,564
1448,down_votes,0,109,35725923,8055,0,294,1519458,10,564
1449,down_votes,3,109,37677823,8055,0,294,1519458,12,564
1450,down_votes,0,109,34050513,8055,0,294,1519458,18,564
1451,down_votes,5,109,37181994,8055,-2,294,1519458,19,564
1452,down_votes,0,109,36649994,8055,0,294,1519458,8,564
1453,down_votes,0,109,37674889,8055,0,294,1519458,15,564
1456,down_votes,1,196,36644264,4508,0,1127,2674553,14,379
5,score,1,87,35988296,599,1,511,1044533,17,123
9,score,0,10,31876398,1244,-1,194,605343,19,495
11,score,1,4,34087332,2386,-1,104,1134468,15,508
12,score,0,3,35091605,2755,1,142,1001423,13,322
13,score,4,10078,36239904,14904,2,10334,472495,20,25765
17,score,3,0,33176010,88,1,24,4282323,17,14
20,score,2,0,36106054,88,1,24,4282323,20,14
41,score,1,5,31648388,1098,1,260,1278201,17,185
42,score,3,3,31420414,137,2,107,1952953,17,49
48,score,2,0,34440015,53,1,5,2033846,20,14
52,score,1,9,36203729,1141,1,88,2676167,16,378
57,score,0,9,37561887,1141,2,88,2676167,20,378
62,score,2,20,30734309,3633,1,445,827081,13,183
64,score,0,20,33352351,3633,1,445,827081,18,183
67,score,0,0,36201386,1647,1,250,1344228,15,321
68,score,0,0,36429044,1647,1,250,1344228,13,321
72,score,1,0,35742487,1647,-1,250,1344228,20,321
74,score,2,0,36128580,1647,1,250,1344228,17,321
82,score,0,3,7388510,899,1,9,160808,20,145
89,score,1,0,35034153,139,3,64,4203119,20,20
92,score,0,50,36448739,24856,2,1539,90998,18,3104
96,score,0,25,36869970,4008,1,1889,1037617,19,1796
104,score,0,0,33278263,122,1,22,1785287,20,45
106,score,4,27,29479355,3276,-1,1376,4601149,20,686
118,score,0,0,35987801,144,1,20,3895506,15,29
129,score,0,0,26967242,131,1,31,464950,20,34
133,score,0,0,34905605,391,1,60,1341085,18,81
143,score,0,0,26832085,95,1,32,4182876,19,46
154,score,0,5,36740463,605,1,20,1125558,13,50
181,score,0,0,36676858,68,1,7,2761316,11,25
182,score,0,13,37072846,2283,1,619,3649914,11,249
184,score,1,0,31974082,15,1,0,5050169,19,15
188,score,0,15,36080273,6638,1,826,636348,17,613
190,score,1,4,35065002,2095,1,68,63748,17,220
199,score,0,143,35013294,2079,1,487,5312731,17,210
203,score,0,0,33717607,164,1,11,4203049,20,39
207,score,1,28,37076627,1806,-1,1313,936420,20,306
221,score,0,0,37254356,120,1,4,1339312,15,21
223,score,0,4,37212279,2477,1,126,1735584,18,362
227,score,3,4,33379318,2477,1,126,1735584,20,362
230,score,0,4,37242024,2477,1,126,1735584,13,362
239,score,3,0,37263249,122,-1,22,2669997,16,68
243,score,0,0,36825414,58,1,10,1470354,14,17
247,score,0,0,36967854,87,1,11,2637843,16,21
249,score,0,0,31943255,124,1,32,4870016,18,18
255,score,0,101,37180296,892,1,249,5154146,19,347
259,score,0,39,35660855,2776,1,129,3556378,20,256
260,score,0,0,37155528,103,1,47,2215586,11,38
263,score,0,128,20968916,6449,1,4840,232794,15,579
268,score,1,391,32248038,6880,1,1324,64505,20,823
269,score,0,391,37755781,6880,1,1324,64505,13,823
273,score,0,0,35281673,2116,1,47,779449,14,171
274,score,1,0,28658968,2116,1,47,779449,18,171
278,score,0,2,36581869,2064,1,80,1364242,20,180
279,score,0,20,32098042,555,1,101,1666167,10,69
282,score,1,0,35843064,243,1,9,2160064,11,37
286,score,1,4,34874283,3344,1,250,49128,20,327
287,score,0,4,34680367,3344,1,250,49128,20,327
292,score,1,2,37028053,190,1,98,2781042,17,38
294,score,1,602,37461551,1245,1,180,5292801,18,560
297,score,4,0,33777580,96,2,16,4662997,18,29
308,score,0,0,34442144,30,2,3,5710889,19,4
314,score,1,0,35779642,15,1,7,4316375,15,6
315,score,0,0,37681799,55,-1,11,3851159,16,7
337,score,0,0,35254413,3,-3,0,3780246,18,1
345,score,0,0,37151177,6,1,0,4012263,15,8
346,score,0,0,37035962,8,1,0,6292396,20,1
347,score,0,0,27179460,8,2,2,3494125,19,2
349,score,2,0,37769300,11,-2,0,6454754,15,4
365,score,0,1,35271058,1092,1,196,760589,15,122
374,score,0,0,37345276,310,-2,62,3909987,19,50
380,score,4,542,11701164,21766,1,1793,138601,14,1593
386,score,3,24,36982911,447,1,45,1464280,17,106
389,score,0,0,37437923,1749,-1,295,390362,19,202
391,score,3,0,37485414,88,-1,5,5907840,18,15
395,score,5,106,35799301,3345,1,154,432844,18,523
418,score,0,227,37549037,4997,1,837,1090438,19,873
429,score,0,194,36676519,5104,1,613,1429073,17,638
432,score,0,45,26652154,2398,1,333,664672,18,483
435,score,1,290,28070827,3335,1,370,3494639,19,290
441,score,0,2,37561452,840,2,75,1312768,20,52
447,score,0,0,35383260,968,1,11,1964167,19,124
448,score,0,0,34264842,968,1,11,1964167,13,124
452,score,4,2,33255721,1435,1,60,5304324,20,51
457,score,1,0,25335204,56,-1,2,3648741,19,49
460,score,0,2,33709927,2154,2,177,2006878,14,284
462,score,1,2,36922341,2154,1,177,2006878,20,284
466,score,0,79,37656211,3920,1,651,1910735,19,770
468,score,3,15,27865715,1140,1,332,2719424,14,275
481,score,0,0,36699591,136,1,23,4707724,14,18
485,score,0,65,37189843,810,1,119,3012508,18,126
488,score,2,4,31176502,174,1,2,4961693,20,48
501,score,0,31,28769205,2741,-2,5141,604687,16,1176
505,score,0,0,36391808,41,2,2,6153457,17,16
509,score,1,2,30927058,989,1,29,1110224,16,241
512,score,0,1,37120586,400,1,36,3402600,18,117
518,score,0,12,35338680,1818,1,36,1200043,16,53
530,score,1,0,36378797,38,-1,154,6054910,20,34
534,score,0,15,36942687,5639,1,876,848330,17,410
536,score,0,0,35598787,119,1,4,3778853,11,26
539,score,0,37,36646388,971,1,1432,824644,12,212
541,score,3,6,34015802,328,1,86,3009441,18,89
560,score,0,32,22558399,2007,1,361,1445985,18,699
561,score,0,32,37475500,2007,1,361,1445985,12,699
562,score,0,32,30098791,2007,-1,361,1445985,20,699
563,score,0,32,20472559,2007,1,361,1445985,20,699
569,score,7,11,37257857,3362,1,107,3840981,16,289
576,score,0,4,37127469,1139,1,17,531194,18,132
579,score,0,10,34618193,2120,1,405,376260,11,335
586,score,2,1,37073460,657,1,97,1018912,19,96
587,score,0,1,37629509,335,1,90,6003691,16,69
603,score,0,12,36552696,420,-1,39,6076118,20,39
610,score,1,208,37441213,13631,-1,802,153865,11,2634
614,score,0,208,37252356,13631,1,802,153865,18,2634
615,score,1,0,29139566,22,-2,4,4680418,20,26
622,score,0,32,34654437,1678,1,234,1058739,19,582
625,score,3,32,36024661,1678,1,234,1058739,20,582
626,score,3,9,36706288,717,-3,62,5757434,20,122
629,score,1,9,35024491,717,1,62,5757434,20,122
640,score,0,0,34540041,67,1,79,2291689,18,15
651,score,0,12,36742544,1364,1,225,1206087,17,344
657,score,1,1,37763922,866,1,136,583271,14,745
666,score,0,0,36836130,91,1,9,6231177,13,24
673,score,1,17,37715556,1291,1,236,5361741,19,89
675,score,0,6,35746659,3336,1,939,786103,17,368
677,score,0,31,36531679,807,1,267,588959,18,309
688,score,2,0,37508900,35,1,10,6396652,15,5
690,score,1,0,35430773,113,1,1,5934628,15,5
692,score,0,0,24889192,34,1,1,2870753,17,5
695,score,0,0,36474814,35,-1,21,5499593,19,6
696,score,1,0,36843763,35,1,5,6250832,17,6
700,score,0,0,34947386,55,1,83,3437399,19,8
701,score,0,0,37501923,4,-1,0,5879368,17,8
704,score,0,0,35408897,41,1,7,5287765,17,9
707,score,1,0,28462776,39,1,3,3200125,19,9
713,score,0,0,37425931,17,-1,0,3131345,19,11
714,score,0,0,28997696,32,-2,0,3271733,19,12
719,score,2,0,37432850,1,-1,0,3744801,16,0
727,score,3,0,37341758,1,-2,0,6360008,16,3
728,score,3,0,36525093,1,-1,0,4889881,19,14
729,score,0,0,36870832,3,-2,0,1942851,11,1
735,score,0,0,34474976,13,1,0,4026938,20,42
737,score,2,0,32551686,16,-1,1,2226978,20,27
757,score,0,2,36961042,301,1,16,3748036,18,334
762,score,0,7,37753116,474,1,491,3203792,13,74
765,score,0,59,33495657,1183,1,75,3335000,10,259
769,score,0,0,32906710,243,1,32,2272355,5,60
771,score,0,0,37745795,243,1,32,2272355,15,60
780,score,0,2,33734524,2503,1,3826,5110870,18,547
785,score,0,2,33953882,2503,1,3826,5110870,19,547
788,score,0,140,31380694,3327,1,1098,1249829,16,368
797,score,4,5,33520523,2494,-1,216,3217306,20,213
798,score,0,5,37576770,2494,2,216,3217306,18,213
805,score,3,19,28841599,1497,1,180,2310450,16,260
810,score,0,25,29546796,2438,-1,843,337306,17,610
811,score,0,25,31923334,2438,1,843,337306,17,610
825,score,3,20,37566792,2960,1,1694,3498910,18,327
830,score,0,6,37215491,416,3,67,4736261,20,142
832,score,0,4,36971803,667,1,108,1216516,18,178
833,score,0,4,30072731,667,1,108,1216516,16,178
834,score,0,6,37689268,429,1,13,1184789,15,47
836,score,0,399,32392834,5195,1,1560,1636276,17,629
841,score,2,31,37749161,17473,1,709,150342,18,922
848,score,0,8,28615379,4028,-1,146,1325133,19,551
853,score,0,0,36152324,310,1,13,3024827,19,124
857,score,2,6,37111330,609,1,114,4934984,20,106
859,score,2,1,37752299,329,-1,28,1245257,18,42
872,score,1,203,37546711,2498,-1,341,5669294,13,339
884,score,0,0,36085099,177,1,46,3053097,20,27
892,score,1,2,30065736,881,1,32,1345360,15,83
898,score,0,8,33720490,174,-1,26,1421884,20,56
908,score,3,9,37054613,2398,-2,60,301593,20,217
910,score,3,0,36236338,24,-2,12,5045204,20,16
913,score,4,13,33675406,1527,1,462,587656,16,137
916,score,0,77,37208687,4079,1,2408,792888,19,654
924,score,0,273,37358523,76835,1,2898,5133585,20,4531
925,score,1,273,35827330,76835,1,2898,5133585,16,4531
926,score,0,273,36967604,76835,1,2898,5133585,20,4531
928,score,0,273,37083918,76835,1,2898,5133585,13,4531
934,score,0,0,36546032,2302,1,51,1901521,15,440
935,score,0,0,36280421,2302,-1,51,1901521,19,440
937,score,1,0,37225125,2302,1,51,1901521,14,440
943,score,3,18,31171370,1206,1,64,1115762,14,211
946,score,5,5,24695051,790,1,117,1603232,20,225
958,score,0,4,33830976,806,1,172,2211491,19,179
960,score,2,0,33342037,1170,1,431,584653,17,97
965,score,1,0,35174312,142,2,3,1764563,20,18
966,score,1,33,34504293,3984,1,245,4550110,18,477
967,score,5,3,31969365,1550,1,384,998232,20,174
969,score,0,1,28281879,214,1,269,2058450,20,45
970,score,1,1,33722628,214,1,269,2058450,20,45
978,score,2,8,37596969,872,1,70,5246735,17,263
982,score,0,8,37770495,872,1,70,5246735,10,263
985,score,1,8,36358997,872,1,70,5246735,14,263
988,score,0,8,36329853,872,1,70,5246735,20,263
991,score,0,165,31727878,2146,1,642,3293579,18,841
992,score,0,22,36289932,2314,1,173,1160805,20,344
1001,score,2,7,34954150,5196,1,2699,3216297,11,514
1010,score,4,16,31514151,2576,2,49,5024009,18,117
1012,score,0,0,36622354,37,1,33,5937637,13,22
1017,score,0,63,22499108,3691,1,531,2231905,16,526
1024,score,0,277,37261378,13736,1,1961,3536236,18,2198
1026,score,5,277,35486603,13736,1,1961,3536236,13,2198
1031,score,0,18,34696194,8173,1,59,1320129,17,1296
1038,score,0,0,37478500,15,2,0,2696562,20,1
1052,score,1,0,29451303,94,1,0,675647,18,9
1053,score,0,0,37668967,101,1,5,5033292,9,10
1059,score,6,0,32931434,19,-2,3,5370659,8,12
1063,score,0,0,35516499,24,1,0,5805460,18,13
1064,score,0,0,35481356,112,1,7,1579091,19,14
1081,score,0,0,26546127,6,1,0,4177196,15,0
1082,score,0,0,33695231,6,1,0,5559202,19,0
1085,score,3,0,37537917,8,-2,0,6401594,20,2
1091,score,3,0,30803726,13,-5,1,1567070,13,16
1099,score,8,19,37376628,482,1,152,5269447,17,57
1100,score,7,0,37514177,415,2,367,4682948,19,144
1108,score,6,1,34110923,146,-1,72,4958526,16,20
1116,score,6,1,34909233,407,1,169,1124083,17,150
1117,score,0,1,37443053,407,1,169,1124083,20,150
1118,score,4,1,36488298,407,1,169,1124083,15,150
1122,score,2,0,33188655,72,-1,26,4530912,19,30
1130,score,6,29,37366234,2859,-1,498,846281,13,904
1134,score,2,29,28929913,2859,1,498,846281,19,904
1143,score,0,29,34198834,2859,1,498,846281,19,904
1149,score,0,29,34402710,2859,1,498,846281,18,904
1162,score,1,8,32417150,1288,-1,46,900659,13,451
1184,score,0,40,35794153,2340,2,420,152347,19,309
1187,score,1,15,35034657,5947,1,1399,314963,20,682
1191,score,0,184,36198921,5008,1,3464,418150,15,427
1199,score,0,18,32352471,2647,1,1482,1033684,14,952
1202,score,3,18,37645004,2647,1,1482,1033684,19,952
1211,score,0,17,36824749,815,1,273,3331879,17,178
1212,score,1,17,37361332,815,2,273,3331879,20,178
1215,score,0,80,32971852,7286,-1,306,3042759,19,540
1222,score,2,0,34137527,351,1,33,2848049,17,81
1224,score,1,0,37094691,351,1,33,2848049,18,81
1227,score,0,1,36908986,489,1,97,1248378,17,71
1229,score,1,0,37764923,403,1,100,1199443,4,71
1231,score,0,1,36867400,193,1,61,2572072,19,26
1232,score,0,0,37328370,60,1,6,6263000,17,34
1244,score,0,2,31647093,3088,2,63,580513,12,224
1246,score,0,28,34700663,1934,3,180,1255945,18,238
1247,score,3,697,37589992,43870,1,1000,717214,11,3529
1248,score,0,4,37270274,641,1,90,4456875,15,91
1254,score,0,30,37409184,923,-1,616,392502,13,360
1255,score,0,11,34434679,824,-1,13,3697474,19,81
1263,score,0,1,34903808,545,1,36,1823852,13,79
1271,score,0,88,35114886,1891,-1,2066,1979729,17,377
1279,score,0,3,22289699,613,-2,38,2784840,17,83
1298,score,0,3,33435310,1423,-1,263,1642344,18,677
1300,score,2,3,37719494,1423,-2,263,1642344,19,677
1302,score,2,3,37367752,1423,1,263,1642344,17,677
1308,score,0,3,37225025,1423,1,263,1642344,14,677
1310,score,2,3,35200079,1423,2,263,1642344,19,677
1313,score,0,80,30335152,4860,1,141,1644422,13,311
1316,score,0,54,36541229,1030,1,162,766958,11,90
1320,score,2,0,28385932,53,-1,32,2127916,17,16
1323,score,6,8,36885914,603,1,147,2220339,17,262
1328,score,8,0,37305094,182,-1,45,1598452,19,100
1334,score,3,90,31924965,22374,1,862,138557,18,2327
1340,score,0,4,36498342,482,1,478,1644178,9,53
1343,score,0,5,36014711,947,1,353,43046,19,146
1386,score,1,62,32888629,2216,1,451,1668069,14,1426
1387,score,0,62,37070013,2216,1,451,1668069,20,1426
1388,score,2,62,34061639,2216,1,451,1668069,16,1426
1397,score,0,50,27039330,1186,1,710,2768038,16,756
1399,score,1,50,36981290,1186,-1,710,2768038,15,756
1411,score,0,0,35144686,46,1,86,4408953,17,32
1412,score,5,9,36644466,324,-1,47,5847511,20,48
1415,score,0,3,32763063,555,3,90,1598358,20,101
1420,score,0,0,36331051,531,1,75,1321514,13,37
1422,score,0,1,34947728,798,1,441,1369798,20,85
1428,score,0,3,32678252,404,1,17,2999563,18,32
1429,score,0,9,37457245,1788,1,139,1603018,9,205
1431,score,1,136,34631295,3938,1,982,3711219,18,992
1435,score,0,136,27063715,3938,1,982,3711219,13,992
1445,score,0,38,23717224,10273,1,611,997112,18,1477
1451,score,5,109,37181994,8055,-2,294,1519458,19,564
1454,score,0,0,37458302,133,1,33,5794219,19,28
1471,score,0,0,37342088,20,1,0,5686098,20,8
1480,score,0,0,37136257,32,1,1,3876557,17,9
1484,score,1,0,31521409,7,1,0,4838067,15,10
1487,score,0,0,37408830,68,1,8,1037992,15,10
1494,score,1,0,37640599,55,1,2,5957827,18,14
1495,score,2,0,31134965,211,-1,3,3428694,19,14
1497,score,0,0,36907530,52,1,1,2905917,20,14
1501,score,2,0,37192278,1,-1,0,6326556,17,1
1517,score,0,0,37262376,8,1,0,5186978,9,5
1521,score,1,0,35486916,11,2,0,1136102,17,1
151,view_count,0,21,35018977,4290,0,354,225885,3,677
232,view_count,0,4,37243576,2477,0,126,1735584,2,362
233,view_count,0,4,33556339,2477,0,126,1735584,3,362
281,view_count,0,1,37765795,927,0,411,1843329,3,154
764,view_count,0,59,37346732,1183,0,75,3335000,3,259
923,view_count,0,273,37769743,76835,0,2898,5133585,3,4531
1121,view_count,0,0,37571742,105,0,28,3715390,2,26
7,comment_count,4,0,24659198,165,0,62,1512555,18,77
13,comment_count,4,10078,36239904,14904,2,10334,472495,20,25765
17,comment_count,3,0,33176010,88,1,24,4282323,17,14
18,comment_count,3,0,29831458,88,0,24,4282323,19,14
24,comment_count,3,0,25620969,20,0,30,3804236,11,16
34,comment_count,5,1,32381047,553,0,353,284263,20,134
42,comment_count,3,3,31420414,137,2,107,1952953,17,49
50,comment_count,5,0,27485003,131,0,100,2946386,18,66
70,comment_count,4,0,36652736,1647,0,250,1344228,19,321
73,comment_count,5,0,37722608,1647,0,250,1344228,15,321
78,comment_count,4,0,37256590,1647,0,250,1344228,14,321
93,comment_count,3,7,28834522,941,0,35,2857926,20,74
106,comment_count,4,27,29479355,3276,-1,1376,4601149,20,686
113,comment_count,6,19,37357354,1367,0,40,3140646,12,152
116,comment_count,8,19,36343773,1367,0,40,3140646,11,152
117,comment_count,3,19,37515057,1367,0,40,3140646,18,152
125,comment_count,4,0,35439253,318,0,42,1636199,17,72
137,comment_count,5,0,36812691,2228,0,26,404604,20,258
173,comment_count,9,226,37746267,13447,0,1270,777733,20,795
183,comment_count,3,0,32736980,15,0,0,5050169,18,15
186,comment_count,3,8,35846050,955,0,307,5169050,11,85
187,comment_count,3,10,32547441,823,0,158,900362,19,86
191,comment_count,6,0,35577134,18,0,0,5964658,14,14
195,comment_count,4,0,37089946,110,0,22,4739697,15,43
212,comment_count,4,3,35157697,517,0,21,793328,20,36
217,comment_count,4,0,36662953,98,0,1,3531263,19,60
218,comment_count,4,17,37534341,649,0,292,375718,13,31
226,comment_count,8,4,35927224,2477,0,126,1735584,17,362
227,comment_count,3,4,33379318,2477,1,126,1735584,20,362
228,comment_count,4,4,36288725,2477,0,126,1735584,20,362
239,comment_count,3,0,37263249,122,-1,22,2669997,16,68
244,comment_count,3,13,35295802,1087,0,253,2029097,19,87
248,comment_count,4,5,32393382,1890,0,126,972370,18,117
252,comment_count,6,101,36908686,892,0,249,5154146,10,347
267,comment_count,5,391,31609540,6880,0,1324,64505,18,823
290,comment_count,3,0,36481766,49,0,285,6148373,16,18
293,comment_count,7,0,31476116,105,0,25,4564300,17,24
297,comment_count,4,0,33777580,96,2,16,4662997,18,29
299,comment_count,5,0,26338166,52,0,0,3257454,17,0
307,comment_count,7,0,34640043,14,0,0,4011202,19,4
316,comment_count,3,0,31418388,44,0,11,4114861,11,9
320,comment_count,4,0,26620028,57,0,19,3214863,20,10
342,comment_count,9,0,37440195,6,0,0,5500758,17,2
343,comment_count,3,0,36113433,6,0,0,3944958,16,7
356,comment_count,3,7,35090939,569,0,214,1951081,18,82
359,comment_count,3,5,36199404,224,0,12,4034349,17,49
363,comment_count,3,0,33905353,85,0,42,4702869,19,42
367,comment_count,7,14,33506379,2276,0,165,204634,19,325
372,comment_count,5,0,34865512,484,0,73,3477974,18,222
380,comment_count,4,542,11701164,21766,1,1793,138601,14,1593
381,comment_count,3,542,33780531,21766,0,1793,138601,16,1593
386,comment_count,3,24,36982911,447,1,45,1464280,17,106
391,comment_count,3,0,37485414,88,-1,5,5907840,18,15
395,comment_count,5,106,35799301,3345,1,154,432844,18,523
402,comment_count,7,10,31965655,433,0,116,2442991,19,93
415,comment_count,6,10,26523890,3437,0,364,341062,18,466
424,comment_count,3,49,37413576,6421,0,485,514438,18,885
434,comment_count,5,18,30654853,589,0,139,767696,18,216
446,comment_count,3,2,29756232,616,0,29,993739,15,58
452,comment_count,4,2,33255721,1435,1,60,5304324,20,51
455,comment_count,6,28,36629639,5549,0,58,1967601,18,120
461,comment_count,3,2,25851873,2154,0,177,2006878,20,284
468,comment_count,3,15,27865715,1140,1,332,2719424,14,275
477,comment_count,3,0,30442140,112,0,20,2205754,18,42
479,comment_count,4,0,36726714,136,0,23,4707724,17,18
484,comment_count,4,0,36019555,136,0,23,4707724,20,18
499,comment_count,3,1,36247694,191,0,169,4835120,17,102
522,comment_count,3,0,27946170,2751,0,407,2038271,19,460
523,comment_count,15,0,35712168,2751,0,407,2038271,16,460
524,comment_count,4,1,37746444,835,0,47,2419954,20,51
531,comment_count,5,0,32120631,57,0,2,5029248,20,42
535,comment_count,3,0,33397877,119,0,4,3778853,20,26
541,comment_count,3,6,34015802,328,1,86,3009441,18,89
555,comment_count,4,32,33280247,2007,0,361,1445985,17,699
558,comment_count,7,32,32778606,2007,0,361,1445985,16,699
559,comment_count,3,32,34384356,2007,0,361,1445985,17,699
564,comment_count,3,0,36771193,183,0,28,1421982,18,23
566,comment_count,3,32,37415089,4653,0,2038,4055042,18,540
569,comment_count,7,11,37257857,3362,1,107,3840981,16,289
596,comment_count,4,0,33195455,176,0,33,859141,14,84
600,comment_count,3,0,36829695,76,0,101,5831861,17,38
620,comment_count,6,32,34192158,1678,0,234,1058739,16,582
623,comment_count,5,32,37462184,1678,0,234,1058739,18,582
625,comment_count,3,32,36024661,1678,1,234,1058739,20,582
626,comment_count,3,9,36706288,717,-3,62,5757434,20,122
633,comment_count,7,16,27347779,745,0,31,4129151,16,69
635,comment_count,3,7,35668382,4346,0,69,580131,17,336
643,comment_count,5,0,35413622,14,0,0,4703317,20,54
645,comment_count,3,15,37609938,4136,0,1506,415600,18,432
653,comment_count,4,4010,37591016,4642,0,300,3270037,15,1516
699,comment_count,3,0,35068228,57,0,0,5449146,14,7
706,comment_count,4,0,32970203,41,0,7,5287765,14,9
708,comment_count,3,0,29342083,108,0,5,3395776,17,10
723,comment_count,8,0,31938618,1,0,0,5214496,19,0
727,comment_count,3,0,37341758,1,-2,0,6360008,16,3
728,comment_count,3,0,36525093,1,-1,0,4889881,19,14
730,comment_count,7,0,31665023,3,0,0,5058721,17,4
733,comment_count,3,0,37595415,11,0,0,3708840,19,1
746,comment_count,4,0,37631287,52,0,21,6396951,17,23
748,comment_count,4,262,33319735,896,0,384,4702471,17,249
750,comment_count,4,7,33503845,748,0,24,2032771,14,154
759,comment_count,3,10,35002719,1495,0,320,2630509,16,442
773,comment_count,3,0,36094171,243,0,32,2272355,20,60
781,comment_count,4,2,36456818,2503,0,3826,5110870,18,547
790,comment_count,4,35,28081841,5606,0,291,409617,20,521
794,comment_count,3,6,34137056,1473,0,391,2610933,20,101
797,comment_count,4,5,33520523,2494,-1,216,3217306,20,213
801,comment_count,3,1,31247027,364,0,4,1242336,17,24
804,comment_count,4,0,26595230,156,0,22,3223502,15,15
805,comment_count,3,19,28841599,1497,1,180,2310450,16,260
809,comment_count,6,25,36285802,2438,0,843,337306,7,610
825,comment_count,3,20,37566792,2960,1,1694,3498910,18,327
852,comment_count,4,0,26983415,310,0,13,3024827,19,124
860,comment_count,3,0,31916913,56,0,22,3745015,20,23
864,comment_count,3,0,37609921,37,0,23,3811820,13,18
865,comment_count,5,69,37754590,3940,0,1001,913903,14,2455
887,comment_count,3,0,33443720,316,0,40,4905093,13,31
888,comment_count,3,8,32482570,470,0,224,4965921,16,48
891,comment_count,3,28,37238925,1741,0,592,1876775,15,466
904,comment_count,4,0,30940037,1384,0,66,478949,16,142
908,comment_count,3,9,37054613,2398,-2,60,301593,20,217
910,comment_count,3,0,36236338,24,-2,12,5045204,20,16
912,comment_count,4,2,23874357,3994,0,53,828547,16,459
913,comment_count,4,13,33675406,1527,1,462,587656,16,137
914,comment_count,3,77,36307592,4079,0,2408,792888,14,654
918,comment_count,3,77,24596261,4079,0,2408,792888,20,654
919,comment_count,3,1,24577294,494,0,9,3481781,18,29
943,comment_count,3,18,31171370,1206,1,64,1115762,14,211
944,comment_count,7,5,30685788,790,0,117,1603232,15,225
946,comment_count,5,5,24695051,790,1,117,1603232,20,225
950,comment_count,7,0,37307261,369,0,101,985197,20,136
967,comment_count,5,3,31969365,1550,1,384,998232,20,174
975,comment_count,3,8,36858711,872,0,70,5246735,19,263
977,comment_count,5,8,37751673,872,0,70,5246735,12,263
995,comment_count,3,22,36961061,2314,0,173,1160805,16,344
1002,comment_count,4,7,31327429,5196,0,2699,3216297,17,514
1004,comment_count,3,7,25087725,5196,0,2699,3216297,20,514
1010,comment_count,4,16,31514151,2576,2,49,5024009,18,117
1026,comment_count,5,277,35486603,13736,1,1961,3536236,13,2198
1027,comment_count,3,3,37499461,7953,0,214,775359,18,2283
1032,comment_count,4,18,23539106,8173,0,59,1320129,18,1296
1036,comment_count,3,7,37053890,1502,0,3518,1636266,18,283
1039,comment_count,3,0,25512987,5,0,0,3882648,14,4
1049,comment_count,4,0,36678104,33,0,1,1520670,20,8
1056,comment_count,3,0,32898694,24,0,15,3287440,11,11
1059,comment_count,6,0,32931434,19,-2,3,5370659,8,12
1071,comment_count,3,0,37727799,1,0,0,6445621,14,1
1085,comment_count,3,0,37537917,8,-2,0,6401594,20,2
1088,comment_count,4,0,34780682,11,0,0,3765435,16,6
1091,comment_count,3,0,30803726,13,-5,1,1567070,13,16
1092,comment_count,3,0,36955988,13,0,0,1598040,9,19
1093,comment_count,5,0,31447980,16,0,0,5122361,15,2
1099,comment_count,8,19,37376628,482,1,152,5269447,17,57
1100,comment_count,7,0,37514177,415,2,367,4682948,19,144
1107,comment_count,4,46,35703233,1072,0,515,2144796,17,283
1108,comment_count,6,1,34110923,146,-1,72,4958526,16,20
1111,comment_count,3,2,29953666,196,0,279,3200163,16,194
1116,comment_count,6,1,34909233,407,1,169,1124083,17,150
1118,comment_count,4,1,36488298,407,1,169,1124083,15,150
1124,comment_count,4,1,28453177,440,0,28,2820238,15,83
1130,comment_count,6,29,37366234,2859,-1,498,846281,13,904
1133,comment_count,4,29,36553552,2859,0,498,846281,17,904
1135,comment_count,6,29,37274543,2859,0,498,846281,18,904
1136,comment_count,4,29,34693282,2859,0,498,846281,20,904
1145,comment_count,3,29,37435019,2859,0,498,846281,20,904
1146,comment_count,6,29,24715013,2859,0,498,846281,19,904
1148,comment_count,4,29,24732401,2859,0,498,846281,17,904
1151,comment_count,4,2,31473107,2910,0,424,660896,17,254
1159,comment_count,4,100,29346297,2961,0,691,889604,17,407
1189,comment_count,5,0,36794866,483,0,8,4717141,19,28
1194,comment_count,3,0,34751463,887,0,1280,3922262,14,95
1197,comment_count,3,18,35964032,2647,0,1482,1033684,13,952
1202,comment_count,3,18,37645004,2647,1,1482,1033684,19,952
1208,comment_count,7,0,30869129,101,0,20,3248304,19,42
1214,comment_count,10,80,33203660,7286,0,306,3042759,14,540
1236,comment_count,7,1,36314976,238,0,68,5361321,17,75
1237,comment_count,4,0,12991435,138,0,74,340225,19,82
1247,comment_count,3,697,37589992,43870,1,1000,717214,11,3529
1251,comment_count,4,0,36720959,109,0,10,1171010,16,26
1266,comment_count,4,0,37342263,476,0,56,5552153,13,94
1276,comment_count,8,0,28850182,112,0,136,4545695,17,81
1285,comment_count,3,3,34932051,467,0,34,2168333,15,76
1286,comment_count,3,0,35413308,75,0,20,952827,19,31
1315,comment_count,5,6,27939094,357,0,29,3050579,18,59
1323,comment_count,6,8,36885914,603,1,147,2220339,17,262
1324,comment_count,13,8,35879725,603,0,147,2220339,16,262
1328,comment_count,8,0,37305094,182,-1,45,1598452,19,100
1329,comment_count,5,52,36064174,578,0,79,5922441,19,75
1334,comment_count,3,90,31924965,22374,1,862,138557,18,2327
1336,comment_count,3,0,37594306,23,0,0,6252284,19,15
1355,comment_count,4,4,35038471,957,0,119,2576839,17,271
1360,comment_count,4,4,34137087,957,0,119,2576839,10,271
1366,comment_count,8,4,32100151,957,0,119,2576839,20,271
1373,comment_count,3,0,36368697,103,0,79,3073187,14,28
1374,comment_count,3,62,33274895,2216,0,451,1668069,16,1426
1377,comment_count,3,62,33955274,2216,0,451,1668069,16,1426
1384,comment_count,6,62,24572919,2216,0,451,1668069,16,1426
1392,comment_count,5,50,33356852,1186,0,710,2768038,20,756
1393,comment_count,3,50,37330387,1186,0,710,2768038,19,756
1409,comment_count,4,30,32968098,18700,0,3498,774183,18,1414
1412,comment_count,5,9,36644466,324,-1,47,5847511,20,48
1413,comment_count,6,9,36475034,324,0,47,5847511,16,48
1414,comment_count,9,3,29169698,555,0,90,1598358,20,101
1417,comment_count,4,0,37487949,51,0,24,982374,17,31
1430,comment_count,3,136,33303051,3938,0,982,3711219,20,992
1433,comment_count,4,136,35386912,3938,0,982,3711219,20,992
1443,comment_count,6,38,37579834,10273,0,611,997112,15,1477
1449,comment_count,3,109,37677823,8055,0,294,1519458,12,564
1451,comment_count,5,109,37181994,8055,-2,294,1519458,19,564
1460,comment_count,3,0,37054281,17,0,4,3918630,19,3
1478,comment_count,5,0,35526603,49,0,184,5127350,19,9
1492,comment_count,3,0,35988792,86,0,5,3173905,13,12
1500,comment_count,4,0,37006959,1,0,0,4602986,20,0
1519,comment_count,8,0,34085840,11,0,0,4337043,20,19
